1,Book1,Author1,User1,2014-10-22,2014-11-21
1,Book2,Author1,User1,2014-10-22,2014-11-21
1,Book3,Author1,User1,2014-10-22,2014-11-21
1,Book1,Author1,User1,2014-10-22,2014-11-21
1,Book1,Author1,User1,2014-10-22,2014-11-21
1,Book1,Author1,User1,2014-10-22,2014-11-21
1,Book1,Author1,User1,2014-10-22,2014-11-21
1,Book1,Author1,User1,2014-10-22,2014-11-21
1,Book1,Author1,User1,2014-10-22,2014-11-21
1,Book1,Author1,User1,2014-10-22,2014-11-21
1,Book1,Author1,User1,2014-10-22,2014-11-21
1,Book1,Author1,User1,2014-10-22,2014-11-21
1,Book1,Author1,User1,2014-10-22,2014-11-21
1,Book1,Author1,User1,2014-10-22,2014-11-21
1,Book1,Author1,User1,2014-10-22,2014-11-21
1,Book1,Author1,User1,2014-10-22,2014-11-21
1,Book1,Author1,User1,2014-10-22,2014-11-21
1,Book1,Author1,User1,2014-10-22,2014-11-21
1,Book2,Author1,User1,2014-10-22,2014-11-21
